{
  "Baseline":{
    "CAGR":0.0978520972,
    "Annualized_Volatility":0.0543630657,
    "Max_Drawdown":-0.0521301422,
    "Sharpe":1.7999738586,
    "Calmar":1.8770732824,
    "Sortino":2.9967439802,
    "Total_Return":0.3370153033,
    "Best_Year":0.1052945067,
    "Worst_Year":0.0961915394,
    "Monthly_Win_Rate":0.5833333333,
    "Turnover":0.1525789477,
    "Number_of_Rebalances":12,
    "Judgment":"baseline"
  },
  "Residual_05":{
    "CAGR":0.0978520972,
    "Annualized_Volatility":0.0543630657,
    "Max_Drawdown":-0.0521301422,
    "Sharpe":1.7999738586,
    "Calmar":1.8770732824,
    "Sortino":2.9967439802,
    "Total_Return":0.3370153033,
    "Best_Year":0.1052945067,
    "Worst_Year":0.0961915394,
    "Monthly_Win_Rate":0.5833333333,
    "Turnover":0.1525789477,
    "Number_of_Rebalances":12,
    "Judgment":"no improvement"
  },
  "Residual_10":{
    "CAGR":0.0978520972,
    "Annualized_Volatility":0.0543630657,
    "Max_Drawdown":-0.0521301422,
    "Sharpe":1.7999738586,
    "Calmar":1.8770732824,
    "Sortino":2.9967439802,
    "Total_Return":0.3370153033,
    "Best_Year":0.1052945067,
    "Worst_Year":0.0961915394,
    "Monthly_Win_Rate":0.5833333333,
    "Turnover":0.1525789477,
    "Number_of_Rebalances":12,
    "Judgment":"no improvement"
  },
  "Residual_15":{
    "CAGR":0.0955209994,
    "Annualized_Volatility":0.0544253847,
    "Max_Drawdown":-0.0521301422,
    "Sharpe":1.7550817491,
    "Calmar":1.8323563931,
    "Sortino":2.9389412781,
    "Total_Return":0.3282028901,
    "Best_Year":0.1034989412,
    "Worst_Year":0.0961915394,
    "Monthly_Win_Rate":0.5833333333,
    "Turnover":0.158700149,
    "Number_of_Rebalances":12,
    "Judgment":"worse"
  },
  "Residual_20":{
    "CAGR":0.0927470126,
    "Annualized_Volatility":0.0547084547,
    "Max_Drawdown":-0.0521301422,
    "Sharpe":1.6952957835,
    "Calmar":1.7791436704,
    "Sortino":2.8270058666,
    "Total_Return":0.3177676514,
    "Best_Year":0.1034989412,
    "Worst_Year":0.0875791351,
    "Monthly_Win_Rate":0.5833333333,
    "Turnover":0.1584793598,
    "Number_of_Rebalances":12,
    "Judgment":"worse"
  },
  "Residual_25":{
    "CAGR":0.0907908382,
    "Annualized_Volatility":0.054649146,
    "Max_Drawdown":-0.0521301422,
    "Sharpe":1.6613404739,
    "Calmar":1.7416188456,
    "Sortino":2.7730136283,
    "Total_Return":0.3104424184,
    "Best_Year":0.0980093904,
    "Worst_Year":0.0875791351,
    "Monthly_Win_Rate":0.5833333333,
    "Turnover":0.1584237488,
    "Number_of_Rebalances":12,
    "Judgment":"worse"
  },
  "Residual_30":{
    "CAGR":0.0892354156,
    "Annualized_Volatility":0.0547818717,
    "Max_Drawdown":-0.0521301422,
    "Sharpe":1.6289223583,
    "Calmar":1.7117815475,
    "Sortino":2.7429126514,
    "Total_Return":0.3046376279,
    "Best_Year":0.0980093904,
    "Worst_Year":0.0827615491,
    "Monthly_Win_Rate":0.5555555556,
    "Turnover":0.1652753646,
    "Number_of_Rebalances":12,
    "Judgment":"worse"
  },
  "Residual_35":{
    "CAGR":0.0855247018,
    "Annualized_Volatility":0.054114501,
    "Max_Drawdown":-0.0521301422,
    "Sharpe":1.5804396272,
    "Calmar":1.640599817,
    "Sortino":2.6436042162,
    "Total_Return":0.2908598693,
    "Best_Year":0.0973647894,
    "Worst_Year":0.0827615491,
    "Monthly_Win_Rate":0.5833333333,
    "Turnover":0.1923552957,
    "Number_of_Rebalances":12,
    "Judgment":"worse"
  },
  "Residual_40":{
    "CAGR":0.0855247018,
    "Annualized_Volatility":0.054114501,
    "Max_Drawdown":-0.0521301422,
    "Sharpe":1.5804396272,
    "Calmar":1.640599817,
    "Sortino":2.6436042162,
    "Total_Return":0.2908598693,
    "Best_Year":0.0973647894,
    "Worst_Year":0.0827615491,
    "Monthly_Win_Rate":0.5833333333,
    "Turnover":0.1923552957,
    "Number_of_Rebalances":12,
    "Judgment":"worse"
  },
  "Residual_45":{
    "CAGR":0.0866012548,
    "Annualized_Volatility":0.0544296805,
    "Max_Drawdown":-0.0441649193,
    "Sharpe":1.5910667486,
    "Calmar":1.9608607065,
    "Sortino":2.6590698437,
    "Total_Return":0.2948468568,
    "Best_Year":0.0973647894,
    "Worst_Year":0.0827615491,
    "Monthly_Win_Rate":0.5833333333,
    "Turnover":0.1796495067,
    "Number_of_Rebalances":12,
    "Judgment":"clear improvement"
  },
  "Residual_50":{
    "CAGR":0.0866012548,
    "Annualized_Volatility":0.0544296805,
    "Max_Drawdown":-0.0441649193,
    "Sharpe":1.5910667486,
    "Calmar":1.9608607065,
    "Sortino":2.6590698437,
    "Total_Return":0.2948468568,
    "Best_Year":0.0973647894,
    "Worst_Year":0.0827615491,
    "Monthly_Win_Rate":0.5833333333,
    "Turnover":0.1796495067,
    "Number_of_Rebalances":12,
    "Judgment":"clear improvement"
  },
  "Residual_55":{
    "CAGR":0.0978969623,
    "Annualized_Volatility":0.0537765998,
    "Max_Drawdown":-0.0400004981,
    "Sharpe":1.8204379363,
    "Calmar":2.4473935777,
    "Sortino":3.0470931547,
    "Total_Return":0.3371852979,
    "Best_Year":0.1226562271,
    "Worst_Year":0.0909088081,
    "Monthly_Win_Rate":0.6111111111,
    "Turnover":0.1799714886,
    "Number_of_Rebalances":12,
    "Judgment":"clear improvement"
  },
  "Residual_60":{
    "CAGR":0.0978969623,
    "Annualized_Volatility":0.0537765998,
    "Max_Drawdown":-0.0400004981,
    "Sharpe":1.8204379363,
    "Calmar":2.4473935777,
    "Sortino":3.0470931547,
    "Total_Return":0.3371852979,
    "Best_Year":0.1226562271,
    "Worst_Year":0.0909088081,
    "Monthly_Win_Rate":0.6111111111,
    "Turnover":0.1799714886,
    "Number_of_Rebalances":12,
    "Judgment":"clear improvement"
  },
  "Residual_65":{
    "CAGR":0.1094530634,
    "Annualized_Volatility":0.05409264,
    "Max_Drawdown":-0.0400004981,
    "Sharpe":2.0234372635,
    "Calmar":2.7362925078,
    "Sortino":3.412063802,
    "Total_Return":0.3814618775,
    "Best_Year":0.1598293682,
    "Worst_Year":0.0909088081,
    "Monthly_Win_Rate":0.6388888889,
    "Turnover":0.1733696578,
    "Number_of_Rebalances":12,
    "Judgment":"clear improvement"
  },
  "Residual_70":{
    "CAGR":0.113923829,
    "Annualized_Volatility":0.0543432869,
    "Max_Drawdown":-0.0329196407,
    "Sharpe":2.0963735457,
    "Calmar":3.4606644111,
    "Sortino":3.5396331406,
    "Total_Return":0.3988548386,
    "Best_Year":0.1691617556,
    "Worst_Year":0.0909088081,
    "Monthly_Win_Rate":0.6388888889,
    "Turnover":0.1665167364,
    "Number_of_Rebalances":12,
    "Judgment":"clear improvement"
  },
  "Residual_75":{
    "CAGR":0.113923829,
    "Annualized_Volatility":0.0543432869,
    "Max_Drawdown":-0.0329196407,
    "Sharpe":2.0963735457,
    "Calmar":3.4606644111,
    "Sortino":3.5396331406,
    "Total_Return":0.3988548386,
    "Best_Year":0.1691617556,
    "Worst_Year":0.0909088081,
    "Monthly_Win_Rate":0.6388888889,
    "Turnover":0.1665167364,
    "Number_of_Rebalances":12,
    "Judgment":"clear improvement"
  },
  "Residual_80":{
    "CAGR":0.1034846266,
    "Annualized_Volatility":0.0544278187,
    "Max_Drawdown":-0.0362322577,
    "Sharpe":1.9013186478,
    "Calmar":2.8561462431,
    "Sortino":3.0980597371,
    "Total_Return":0.3584719359,
    "Best_Year":0.1691617556,
    "Worst_Year":0.067082211,
    "Monthly_Win_Rate":0.6111111111,
    "Turnover":0.1809922068,
    "Number_of_Rebalances":12,
    "Judgment":"clear improvement"
  },
  "Residual_85":{
    "CAGR":0.1034846266,
    "Annualized_Volatility":0.0544278187,
    "Max_Drawdown":-0.0362322577,
    "Sharpe":1.9013186478,
    "Calmar":2.8561462431,
    "Sortino":3.0980597371,
    "Total_Return":0.3584719359,
    "Best_Year":0.1691617556,
    "Worst_Year":0.067082211,
    "Monthly_Win_Rate":0.6111111111,
    "Turnover":0.1809922068,
    "Number_of_Rebalances":12,
    "Judgment":"clear improvement"
  },
  "Residual_90":{
    "CAGR":0.1000794374,
    "Annualized_Volatility":0.0546086343,
    "Max_Drawdown":-0.0362322577,
    "Sharpe":1.8326669163,
    "Calmar":2.7621639894,
    "Sortino":3.0306799336,
    "Total_Return":0.3454724599,
    "Best_Year":0.1691617556,
    "Worst_Year":0.067082211,