Variant,CAGR,Annualized_Volatility,Max_Drawdown,Sharpe,Calmar,Sortino,Total_Return,Best_Year,Worst_Year,Monthly_Win_Rate,Turnover,Number_of_Rebalances,Judgment
Baseline,0.10569138491749186,0.05168177038302865,-0.05892127602716324,2.0450418809994746,1.7937728447830488,3.3256088738043306,1.2989961398224565,0.23577153009562157,0.0,0.625,0.12348047661864552,31,baseline
Residual_20,0.1048226892081443,0.051696907770392785,-0.052130142246033295,2.027639441680051,2.0107884746107807,3.301293561997463,1.2840730330847072,0.23577153009562157,0.0,0.625,0.1257636714852365,31,clear improvement
Residual_30,0.09866292282604694,0.051616424941338584,-0.05213014224603263,1.9114637043959575,1.892627155329807,3.1075368032187285,1.1806768318505254,0.231975041436568,0.0,0.6041666666666666,0.13126942173250278,31,clear improvement
VCP_10,0.10569138491749186,0.05168177038302865,-0.05892127602716324,2.0450418809994746,1.7937728447830488,3.3256088738043306,1.2989961398224565,0.23577153009562157,0.0,0.625,0.12348047661864552,31,no improvement
VCP_20,0.10569138491749186,0.05168177038302865,-0.05892127602716324,2.0450418809994746,1.7937728447830488,3.3256088738043306,1.2989961398224565,0.23577153009562157,0.0,0.625,0.12348047661864553,31,no improvement
Residual_20_VCP_10,0.10127829568319746,0.051548490190230715,-0.05213014224603285,1.9647189531535758,1.9427972247841858,3.1990881940475844,1.224063768211682,0.231975041436568,0.0,0.6145833333333334,0.13113593147807553,31,clear improvement
Residual_30_VCP_10,0.09700730287433346,0.05164142316505273,-0.05213014224603263,1.8784784951469184,1.860867795382166,3.0566159419971344,1.1535977246059854,0.22888154430392316,0.0,0.6041666666666666,0.14473651444178548,31,clear improvement
Residual_20_VCP_20,0.09662033457599306,0.051651558652589386,-0.05213014224603263,1.8706179851389502,1.8534446754429557,3.0295466019005266,1.1473113191922635,0.22888154430392316,0.0,0.59375,0.13128877590765503,31,clear improvement
