{
  "Baseline":{
    "CAGR":0.1056913849,
    "Annualized_Volatility":0.0516817704,
    "Max_Drawdown":-0.058921276,
    "Sharpe":2.045041881,
    "Calmar":1.7937728448,
    "Sortino":3.3256088738,
    "Total_Return":1.2989961398,
    "Best_Year":0.2357715301,
    "Worst_Year":0.0,
    "Monthly_Win_Rate":0.625,
    "Turnover":0.1234804766,
    "Number_of_Rebalances":31,
    "Judgment":"baseline"
  },
  "Residual_20":{
    "CAGR":0.1048226892,
    "Annualized_Volatility":0.0516969078,
    "Max_Drawdown":-0.0521301422,
    "Sharpe":2.0276394417,
    "Calmar":2.0107884746,
    "Sortino":3.301293562,
    "Total_Return":1.2840730331,
    "Best_Year":0.2357715301,
    "Worst_Year":0.0,
    "Monthly_Win_Rate":0.625,
    "Turnover":0.1257636715,
    "Number_of_Rebalances":31,
    "Judgment":"clear improvement"
  },
  "Residual_30":{
    "CAGR":0.0986629228,
    "Annualized_Volatility":0.0516164249,
    "Max_Drawdown":-0.0521301422,
    "Sharpe":1.9114637044,
    "Calmar":1.8926271553,
    "Sortino":3.1075368032,
    "Total_Return":1.1806768319,
    "Best_Year":0.2319750414,
    "Worst_Year":0.0,
    "Monthly_Win_Rate":0.6041666667,
    "Turnover":0.1312694217,
    "Number_of_Rebalances":31,
    "Judgment":"clear improvement"
  },
  "VCP_10":{
    "CAGR":0.1056913849,
    "Annualized_Volatility":0.0516817704,
    "Max_Drawdown":-0.058921276,
    "Sharpe":2.045041881,
    "Calmar":1.7937728448,
    "Sortino":3.3256088738,
    "Total_Return":1.2989961398,
    "Best_Year":0.2357715301,
    "Worst_Year":0.0,
    "Monthly_Win_Rate":0.625,
    "Turnover":0.1234804766,
    "Number_of_Rebalances":31,
    "Judgment":"no improvement"
  },
  "VCP_20":{
    "CAGR":0.1056913849,
    "Annualized_Volatility":0.0516817704,
    "Max_Drawdown":-0.058921276,
    "Sharpe":2.045041881,
    "Calmar":1.7937728448,
    "Sortino":3.3256088738,
    "Total_Return":1.2989961398,
    "Best_Year":0.2357715301,
    "Worst_Year":0.0,
    "Monthly_Win_Rate":0.625,
    "Turnover":0.1234804766,
    "Number_of_Rebalances":31,
    "Judgment":"no improvement"
  },
  "Residual_20_VCP_10":{
    "CAGR":0.1012782957,
    "Annualized_Volatility":0.0515484902,
    "Max_Drawdown":-0.0521301422,
    "Sharpe":1.9647189532,
    "Calmar":1.9427972248,
    "Sortino":3.199088194,
    "Total_Return":1.2240637682,
    "Best_Year":0.2319750414,
    "Worst_Year":0.0,
    "Monthly_Win_Rate":0.6145833333,
    "Turnover":0.1311359315,
    "Number_of_Rebalances":31,
    "Judgment":"clear improvement"
  },
  "Residual_30_VCP_10":{
    "CAGR":0.0970073029,
    "Annualized_Volatility":0.0516414232,
    "Max_Drawdown":-0.0521301422,
    "Sharpe":1.8784784951,
    "Calmar":1.8608677954,
    "Sortino":3.056615942,
    "Total_Return":1.1535977246,
    "Best_Year":0.2288815443,
    "Worst_Year":0.0,
    "Monthly_Win_Rate":0.6041666667,
    "Turnover":0.1447365144,
    "Number_of_Rebalances":31,
    "Judgment":"clear improvement"
  },
  "Residual_20_VCP_20":{
    "CAGR":0.0966203346,
    "Annualized_Volatility":0.0516515587,
    "Max_Drawdown":-0.0521301422,
    "Sharpe":1.8706179851,
    "Calmar":1.8534446754,
    "Sortino":3.0295466019,
    "Total_Return":1.1473113192,
    "Best_Year":0.2288815443,
    "Worst_Year":0.0,
    "Monthly_Win_Rate":0.59375,
    "Turnover":0.1312887759,
    "Number_of_Rebalances":31,
    "Judgment":"clear improvement"
  }
}