{
  "Baseline":{
    "CAGR":0.1056913849,
    "Annualized_Volatility":0.0516817704,
    "Max_Drawdown":-0.058921276,
    "Sharpe":2.045041881,
    "Calmar":1.7937728448,
    "Sortino":3.3256088738,
    "Total_Return":1.2989961398,
    "Best_Year":0.2357715301,
    "Worst_Year":0.0,
    "Monthly_Win_Rate":0.625,
    "Turnover":0.1234804766,
    "Number_of_Rebalances":31,
    "Judgment":"baseline"
  },
  "Residual_10":{
    "CAGR":0.1056913849,
    "Annualized_Volatility":0.0516817704,
    "Max_Drawdown":-0.058921276,
    "Sharpe":2.045041881,
    "Calmar":1.7937728448,
    "Sortino":3.3256088738,
    "Total_Return":1.2989961398,
    "Best_Year":0.2357715301,
    "Worst_Year":0.0,
    "Monthly_Win_Rate":0.625,
    "Turnover":0.1234804766,
    "Number_of_Rebalances":31,
    "Judgment":"no improvement"
  },
  "Residual_15":{
    "CAGR":0.1048092717,
    "Annualized_Volatility":0.0517068401,
    "Max_Drawdown":-0.058921276,
    "Sharpe":2.0269904623,
    "Calmar":1.778801797,
    "Sortino":3.3045589238,
    "Total_Return":1.2838432063,
    "Best_Year":0.2357715301,
    "Worst_Year":0.0,
    "Monthly_Win_Rate":0.625,
    "Turnover":0.1258499739,
    "Number_of_Rebalances":31,
    "Judgment":"worse"
  },
  "Residual_20":{
    "CAGR":0.1048226892,
    "Annualized_Volatility":0.0516969078,
    "Max_Drawdown":-0.0521301422,
    "Sharpe":2.0276394417,
    "Calmar":2.0107884746,
    "Sortino":3.301293562,
    "Total_Return":1.2840730331,
    "Best_Year":0.2357715301,
    "Worst_Year":0.0,
    "Monthly_Win_Rate":0.625,
    "Turnover":0.1257636715,
    "Number_of_Rebalances":31,
    "Judgment":"clear improvement"
  },
  "Residual_25":{
    "CAGR":0.1022777716,
    "Annualized_Volatility":0.0515146024,
    "Max_Drawdown":-0.0521301422,
    "Sharpe":1.985413199,
    "Calmar":1.9619699316,
    "Sortino":3.2195842472,
    "Total_Return":1.2408436398,
    "Best_Year":0.2357715301,
    "Worst_Year":0.0,
    "Monthly_Win_Rate":0.625,
    "Turnover":0.1282739736,
    "Number_of_Rebalances":31,
    "Judgment":"clear improvement"
  },
  "Residual_30":{
    "CAGR":0.0986629228,
    "Annualized_Volatility":0.0516164249,
    "Max_Drawdown":-0.0521301422,
    "Sharpe":1.9114637044,
    "Calmar":1.8926271553,
    "Sortino":3.1075368032,
    "Total_Return":1.1806768319,
    "Best_Year":0.2319750414,
    "Worst_Year":0.0,
    "Monthly_Win_Rate":0.6041666667,
    "Turnover":0.1312694217,
    "Number_of_Rebalances":31,
    "Judgment":"clear improvement"
  }
}